NAME,B25077_001E,state_median_value,place_median_value,B25102_001E,state_property_taxes,place_property_taxes,Effective_Tax_Rate
"Auburn city, Alabama",319300,01,03076,14018.0,01,03076,4.3902286251174445
"Birmingham city, Alabama",117600,01,07000,40665.0,01,07000,34.579081632653065
"Dothan city, Alabama",169200,01,21184,16718.0,01,21184,9.880614657210401
"Hoover city, Alabama",363200,01,35896,25993.0,01,35896,7.156662995594713
"Huntsville city, Alabama",250400,01,37000,59015.0,01,37000,23.56829073482428
"Mobile city, Alabama",158200,01,50000,41443.0,01,50000,26.196586599241467
"Montgomery city, Alabama",136800,01,51000,45969.0,01,51000,33.603070175438596
"Tuscaloosa city, Alabama",217200,01,77256,16377.0,01,77256,7.540055248618785
"Anchorage municipality, Alaska",346200,02,03000,69699.0,02,03000,20.132582322357017
"Avondale city, Arizona",334900,04,04720,16016.0,04,04720,4.7823230815168705
"Buckeye city, Arizona",333300,04,07940,28562.0,04,07940,8.569456945694569
"Casas Adobes CDP, Arizona",271900,04,10670,21447.0,04,10670,7.887826406767194
"Chandler city, Arizona",435100,04,12000,71036.0,04,12000,16.326361755918178
"Flagstaff city, Arizona",457500,04,23620,11941.0,04,23620,2.610054644808743
"Gilbert town, Arizona",484600,04,27400,69983.0,04,27400,14.441394964919521
"Glendale city, Arizona",325400,04,27820,52463.0,04,27820,16.122618315918867
"Goodyear city, Arizona",401400,04,28380,25725.0,04,28380,6.408819133034379
"Mesa city, Arizona",350100,04,46000,126146.0,04,46000,36.0314195944016
"Peoria city, Arizona",407600,04,54050,58326.0,04,54050,14.309617271835132
"Phoenix city, Arizona",352600,04,55000,354237.0,04,55000,100.46426545660805
"Queen Creek town, Arizona",516100,04,58150,18559.0,04,58150,3.5960085254795584
"San Tan Valley CDP, Arizona",347000,04,64210,26584.0,04,64210,7.661095100864554
"Scottsdale city, Arizona",674900,04,65000,80132.0,04,65000,11.873166395021485
"Surprise city, Arizona",354100,04,71510,43073.0,04,71510,12.164077944083592
"Tempe city, Arizona",414600,04,73000,32131.0,04,73000,7.749879401833091
"Tucson city, Arizona",224800,04,77000,114708.0,04,77000,51.02669039145907
"Yuma city, Arizona",189000,04,85540,21480.0,04,85540,11.365079365079366
"Conway city, Arkansas",230900,05,15190,11190.0,05,15190,4.846253789519272
"Fayetteville city, Arkansas",272300,05,23290,18780.0,05,23290,6.89680499449137
"Fort Smith city, Arkansas",146200,05,24550,20687.0,05,24550,14.149794801641589
"Jonesboro city, Arkansas",197600,05,35710,17625.0,05,35710,8.919534412955466
"Little Rock city, Arkansas",191700,05,41000,49236.0,05,41000,25.683881064162755
"Rogers city, Arkansas",225300,05,60410,15036.0,05,60410,6.673768308921438
"Springdale city, Arkansas",215900,05,66080,16181.0,05,66080,7.494673459935155
"Alameda city, California",1077900,06,00562,13680.0,06,00562,1.2691344280545505
"Alhambra city, California",718100,06,00884,11196.0,06,00884,1.5591143294805736
"Anaheim city, California",688400,06,02000,51684.0,06,02000,7.507844276583382
"Antioch city, California",577900,06,02252,23652.0,06,02252,4.0927496106592836
"Apple Valley town, California",353500,06,02364,16147.0,06,02364,4.567751060820368
"Arden-Arcade CDP, California",480300,06,02553,18374.0,06,02553,3.825525713095982
"Bakersfield city, California",318600,06,03526,78398.0,06,03526,24.60703075957313
"Baldwin Park city, California",536500,06,03666,12751.0,06,03666,2.3767008387698043
"Bellflower city, California",595800,06,04982,8958.0,06,04982,1.5035246727089626
"Buena Park city, California",666800,06,08786,14260.0,06,08786,2.1385722855428915
"Burbank city, California",940400,06,08954,19869.0,06,08954,2.1128243300723097
"Camarillo city, California",694200,06,10046,18218.0,06,10046,2.62431575914722
"Carlsbad city, California",1042900,06,11194,29623.0,06,11194,2.8404449132227443
"Carmichael CDP, California",495600,06,11390,16613.0,06,11390,3.3520984665052462
"Carson city, California",595900,06,11530,18898.0,06,11530,3.171337472730324
"Castro Valley CDP, California",1004800,06,11964,16968.0,06,11964,1.6886942675159236
"Chico city, California",420100,06,13014,18155.0,06,13014,4.321590097595811
"Chino city, California",589200,06,13210,17433.0,06,13210,2.9587576374745415
"Chino Hills city, California",787400,06,13214,19216.0,06,13214,2.440436880873762
"Chula Vista city, California",655100,06,13392,48589.0,06,13392,7.417035567088994
"Citrus Heights city, California",406500,06,13588,19866.0,06,13588,4.8870848708487085
"Clovis city, California",418000,06,14218,26752.0,06,14218,6.4
"Compton city, California",537700,06,15044,18076.0,06,15044,3.3617258694439283
"Concord city, California",719000,06,16000,26282.0,06,16000,3.655354659248957
"Corona city, California",620600,06,16350,30461.0,06,16350,4.908314534321624
"Costa Mesa city, California",930500,06,16532,17501.0,06,16532,1.8808167651800107
"Daly City city, California",1052800,06,17918,19328.0,06,17918,1.8358662613981762
"Downey city, California",686000,06,19766,18808.0,06,19766,2.7416909620991254
"East Los Angeles CDP, California",592100,06,20802,9953.0,06,20802,1.6809660530315826
"El Cajon city, California",591600,06,21712,14682.0,06,21712,2.4817444219066935
"Elk Grove city, California",569900,06,22020,39576.0,06,22020,6.944376206351992
"El Monte city, California",566600,06,22230,10998.0,06,22230,1.9410518884574655
"Escondido city, California",620200,06,22804,27597.0,06,22804,4.4496936472105775
"Fairfield city, California",552300,06,23182,22271.0,06,23182,4.032409922143763
"Folsom city, California",671000,06,24638,19994.0,06,24638,2.97973174366617
"Fontana city, California",511000,06,24680,39490.0,06,24680,7.7279843444227
"Fremont city, California",1175600,06,26000,46436.0,06,26000,3.9499829874106838
"Fresno city, California",321300,06,27000,91233.0,06,27000,28.394957983193276
"Fullerton city, California",790900,06,28000,23525.0,06,28000,2.9744594765457077
"Garden Grove city, California",663900,06,29000,26624.0,06,29000,4.010242506401567
"Glendale city, California",995700,06,30000,25211.0,06,30000,2.531987546449734
"Hawthorne city, California",738000,06,32548,8287.0,06,32548,1.12289972899729
"Hayward city, California",735000,06,33000,26763.0,06,33000,3.6412244897959183
"Hemet city, California",266700,06,33182,19983.0,06,33182,7.492688413948256
"Hesperia city, California",344000,06,33434,19187.0,06,33434,5.577616279069767
"Huntington Beach city, California",937200,06,36000,45454.0,06,36000,4.849978659837815
"Indio city, California",381300,06,36448,22265.0,06,36448,5.839234198793601
"Inglewood city, California",684500,06,36546,14241.0,06,36546,2.080496712929145
"Irvine city, California",970500,06,36770,49861.0,06,36770,5.137660999484801
"Jurupa Valley city, California",447500,06,37692,18466.0,06,37692,4.126480446927374
"Lake Elsinore city, California",473600,06,39486,14738.0,06,39486,3.1119087837837838
"Lake Forest city, California",804400,06,39496,21968.0,06,39496,2.7309796121332672
"Lakewood city, California",704700,06,39892,19374.0,06,39892,2.7492550021285656
"Lancaster city, California",377200,06,40130,29878.0,06,40130,7.9209968186638395
"Livermore city, California",942300,06,41992,21925.0,06,41992,2.326753687785206
"Lodi city, California",427900,06,42202,13455.0,06,42202,3.144426267819584
"Long Beach city, California",693600,06,43000,69470.0,06,43000,10.015859284890427
"Los Angeles city, California",812800,06,44000,521485.0,06,44000,64.15907972440945
"Lynwood city, California",543800,06,44574,7968.0,06,44574,1.4652445752114747
"Madera city, California",290700,06,45022,8852.0,06,45022,3.045063639490884
"Manteca city, California",505500,06,45484,19842.0,06,45484,3.9252225519287838
"Menifee city, California",442700,06,46842,27879.0,06,46842,6.29749265868534
"Merced city, California",325000,06,46898,11501.0,06,46898,3.5387692307692307
"Milpitas city, California",1146600,06,47766,14299.0,06,47766,1.2470783185068899
"Mission Viejo city, California",859500,06,48256,26639.0,06,48256,3.0993600930773706
"Modesto city, California",389500,06,48354,42340.0,06,48354,10.870346598202824
"Moreno Valley city, California",422500,06,49270,33152.0,06,49270,7.846627218934911
"Mountain View city, California",1636100,06,49670,13060.0,06,49670,0.798239716398753
"Murrieta city, California",573700,06,50076,25860.0,06,50076,4.507582360118529
"Napa city, California",718700,06,50258,18944.0,06,50258,2.6358703214136634
"Norwalk city, California",585200,06,52526,18333.0,06,52526,3.1327751196172247
"Oakland city, California",848600,06,53000,72661.0,06,53000,8.562455809568702
"Oceanside city, California",631300,06,53322,33164.0,06,53322,5.253286868366862
"Ontario city, California",545200,06,53896,32424.0,06,53896,5.947175348495965
"Orange city, California",827200,06,53980,24222.0,06,53980,2.928191489361702
"Oxnard city, California",569700,06,54652,28798.0,06,54652,5.054941197121292
"Palmdale city, California",399000,06,55156,31401.0,06,55156,7.869924812030075
"Pasadena city, California",905900,06,56000,24481.0,06,56000,2.7023954078816645
"Perris city, California",415400,06,56700,13101.0,06,56700,3.1538276360134807
"Pittsburg city, California",563700,06,57456,12939.0,06,57456,2.295369877594465
"Pleasanton city, California",1230600,06,57792,19339.0,06,57792,1.571509832601983
"Pomona city, California",525300,06,58072,20591.0,06,58072,3.9198553207690843
"Rancho Cordova city, California",438800,06,59444,16825.0,06,59444,3.8343208751139475
"Rancho Cucamonga city, California",632700,06,59451,33694.0,06,59451,5.325430693851747
"Redding city, California",346900,06,59920,18438.0,06,59920,5.315076390890747
"Redlands city, California",542500,06,59962,13896.0,06,59962,2.56147465437788
"Redwood City city, California",1567400,06,60102,16075.0,06,60102,1.0255837692994767
"Rialto city, California",431500,06,60466,17989.0,06,60466,4.168945538818076
"Richmond city, California",641500,06,60620,21432.0,06,60620,3.3409197194076383
"Riverside city, California",483300,06,62000,51211.0,06,62000,10.596110076557004
"Rocklin city, California",622100,06,62364,17025.0,06,62364,2.7366982800192896
"Roseville city, California",605300,06,62938,39453.0,06,62938,6.5179249958698176
"Sacramento city, California",449600,06,64000,103994.0,06,64000,23.130338078291814
"Salinas city, California",585100,06,64224,17086.0,06,64224,2.9201845838318237
"San Bernardino city, California",350000,06,65000,32391.0,06,65000,9.25457142857143
"San Buenaventura (Ventura) city, California",702500,06,65042,25572.0,06,65042,3.6401423487544484
"San Diego city, California",768800,06,66000,251507.0,06,66000,32.71422996878252
"San Francisco city, California",1306400,06,67000,140809.0,06,67000,10.778398652786283
"San Jose city, California",1119500,06,68000,179797.0,06,68000,16.060473425636445
"San Leandro city, California",775000,06,68084,18647.0,06,68084,2.406064516129032
"San Marcos city, California",710500,06,68196,21988.0,06,68196,3.094722026741731
"Santa Ana city, California",623000,06,69000,35317.0,06,69000,5.668860353130016
"Santa Barbara city, California",1476800,06,69070,13275.0,06,69070,0.8989030335861322
"Santa Clara city, California",1382300,06,69084,21129.0,06,69084,1.5285393908702887
"Santa Clarita city, California",656000,06,69088,53424.0,06,69088,8.14390243902439
"Santa Maria city, California",426100,06,69196,15080.0,06,69196,3.539075334428538
"Santa Rosa city, California",638500,06,70098,37315.0,06,70098,5.844166014095537
"Simi Valley city, California",685500,06,72016,32907.0,06,72016,4.800437636761488
"South Gate city, California",559900,06,73080,12191.0,06,73080,2.177353098767637
"Stockton city, California",382900,06,75000,53081.0,06,75000,13.86288848263254
"Sunnyvale city, California",1575200,06,77000,27299.0,06,77000,1.7330497714575928
"Temecula city, California",613300,06,78120,23633.0,06,78120,3.8534159465188322
"Thousand Oaks city, California",858200,06,78582,31902.0,06,78582,3.7173153111162898
"Torrance city, California",930500,06,80000,32109.0,06,80000,3.450725416442773
"Tracy city, California",643700,06,80238,17999.0,06,80238,2.7961783439490446
"Tulare city, California",280200,06,80644,13252.0,06,80644,4.7294789436117055
"Turlock city, California",401900,06,80812,13784.0,06,80812,3.429708882806668
"Tustin city, California",727000,06,80854,13530.0,06,80854,1.861072902338377
"Union City city, California",995200,06,81204,14374.0,06,81204,1.4443327974276527
"Upland city, California",621700,06,81344,14029.0,06,81344,2.256554608331993
"Vacaville city, California",566300,06,81554,21792.0,06,81554,3.8481370298428392
"Vallejo city, California",505400,06,81666,25911.0,06,81666,5.126830233478433
"Victorville city, California",323400,06,82590,23477.0,06,82590,7.259431045145331
"Visalia city, California",315100,06,82954,25784.0,06,82954,8.182799111393209
"Vista city, California",634600,06,82996,14381.0,06,82996,2.26615190671289
"Walnut Creek city, California",1004800,06,83346,20349.0,06,83346,2.0251791401273884
"West Covina city, California",636300,06,84200,19752.0,06,84200,3.104196133899104
"Westminster city, California",762300,06,84550,13512.0,06,84550,1.7725304998032272
"Whittier city, California",718300,06,85292,16521.0,06,85292,2.30001392175971
"Yorba Linda city, California",1012900,06,86832,19302.0,06,86832,1.905617533813802
"Yuba City city, California",355200,06,86972,13479.0,06,86972,3.794763513513513
"Arvada city, Colorado",537900,08,03455,38303.0,08,03455,7.120840304889385
"Aurora city, Colorado",411400,08,04000,89615.0,08,04000,21.782936315021875
"Boulder city, Colorado",941100,08,07850,19576.0,08,07850,2.0801190096695357
"Broomfield city, Colorado",576200,08,09280,20238.0,08,09280,3.512322110378341
"Castle Rock town, Colorado",577700,08,12415,21546.0,08,12415,3.729617448502683
"Centennial city, Colorado",578200,08,12815,31356.0,08,12815,5.423037011414735
"Colorado Springs city, Colorado",390500,08,16000,123398.0,08,16000,31.6
"Denver city, Colorado",541500,08,20000,164429.0,08,20000,30.365466297322254
"Fort Collins city, Colorado",485500,08,27425,37255.0,08,27425,7.673532440782699
"Grand Junction city, Colorado",339800,08,31660,16594.0,08,31660,4.883460859329017
"Greeley city, Colorado",347100,08,32155,23777.0,08,32155,6.850187265917603
"Highlands Ranch CDP, Colorado",629200,08,36410,30949.0,08,36410,4.918785759694851
"Lakewood city, Colorado",483300,08,43000,42066.0,08,43000,8.70391061452514
"Longmont city, Colorado",465500,08,45970,27720.0,08,45970,5.954887218045113
"Loveland city, Colorado",412300,08,46465,22504.0,08,46465,5.458161532864419
"Pueblo city, Colorado",214500,08,62000,29171.0,08,62000,13.5995337995338
"Thornton city, Colorado",449200,08,77290,36980.0,08,77290,8.232413178984862
"Westminster city, Colorado",457500,08,83835,30424.0,08,83835,6.650054644808743
"Bridgeport city, Connecticut",222800,09,08000,24938.0,09,08000,11.192998204667862
"Hartford city, Connecticut",174100,09,37000,13034.0,09,37000,7.486502010338886
"New Britain city, Connecticut",183300,09,50370,12840.0,09,50370,7.004909983633388
"Norwalk city, Connecticut",478100,09,55990,21196.0,09,55990,4.4333821376281115
"Waterbury city, Connecticut",184300,09,80000,20478.0,09,80000,11.111231687466088
"Wilmington city, Delaware",200900,10,77580,16579.0,10,77580,8.252364360378298
"Washington city, District of Columbia",669900,11,50000,132936.0,11,50000,19.844155844155846
"Alafaya CDP, Florida",346300,12,00410,20104.0,12,00410,5.8053710655501005
"Boca Raton city, Florida",518200,12,07300,27835.0,12,07300,5.3714781937475875
"Boynton Beach city, Florida",284200,12,07875,20730.0,12,07875,7.294159042927515
"Brandon CDP, Florida",276300,12,08150,24495.0,12,08150,8.865363735070575
"Cape Coral city, Florida",291600,12,10275,61776.0,12,10275,21.185185185185183
"Clearwater city, Florida",298000,12,12875,29530.0,12,12875,9.909395973154362
"Coral Springs city, Florida",455000,12,14400,26450.0,12,14400,5.813186813186813
"Davie town, Florida",421300,12,16475,25849.0,12,16475,6.135532874436269
"Daytona Beach city, Florida",218600,12,16525,18023.0,12,16525,8.244739249771271
"Deerfield Beach city, Florida",233400,12,16725,25052.0,12,16725,10.73350471293916
"Delray Beach city, Florida",368900,12,17100,19949.0,12,17100,5.407698563296286
"Deltona city, Florida",229700,12,17200,27954.0,12,17200,12.169786678276012
"Fort Lauderdale city, Florida",395500,12,24000,45636.0,12,24000,11.538811630847029
"Fort Myers city, Florida",334800,12,24125,17570.0,12,24125,5.247909199522103
"Gainesville city, Florida",195300,12,25175,23345.0,12,25175,11.953405017921147
"Hialeah city, Florida",324000,12,30000,35676.0,12,30000,11.011111111111111
"Hollywood city, Florida",322400,12,32000,36410.0,12,32000,11.293424317617866
"Homestead city, Florida",275200,12,32275,14924.0,12,32275,5.4229651162790695
"Jacksonville city, Florida",239400,12,35000,226429.0,12,35000,94.58187134502924
"Kendall CDP, Florida",423700,12,36100,21626.0,12,36100,5.10408307764928
"Kissimmee city, Florida",258900,12,36950,11911.0,12,36950,4.6006179992275005
"Lakeland city, Florida",186700,12,38250,25966.0,12,38250,13.907873594001071
"Largo city, Florida",201700,12,39425,22053.0,12,39425,10.93356470004958
"Lauderhill city, Florida",251700,12,39550,13868.0,12,39550,5.509733810091379
"Lehigh Acres CDP, Florida",235300,12,39925,29441.0,12,39925,12.51211219719507
"Melbourne city, Florida",234400,12,43975,23745.0,12,43975,10.130119453924914
"Miami city, Florida",411300,12,45000,58463.0,12,45000,14.214198881594942
"Miami Beach city, Florida",581200,12,45025,14462.0,12,45025,2.4883000688231247
"Miami Gardens city, Florida",320600,12,45060,23159.0,12,45060,7.2236431690580165
"Miramar city, Florida",374600,12,45975,31043.0,12,45975,8.286972770955686
"North Port city, Florida",277100,12,49675,23601.0,12,49675,8.517141826055576
"Orlando city, Florida",319800,12,53000,49048.0,12,53000,15.337085678549093
"Palm Bay city, Florida",228400,12,54000,34798.0,12,54000,15.235551663747811
"Palm Coast city, Florida",274000,12,54200,30396.0,12,54200,11.093430656934308
"Pembroke Pines city, Florida",368400,12,55775,44517.0,12,55775,12.083876221498372
"Pine Hills CDP, Florida",205900,12,56825,13169.0,12,56825,6.395823215152988
"Plantation city, Florida",409400,12,57425,24029.0,12,57425,5.869320957498779
"Poinciana CDP, Florida",233400,12,57900,16412.0,12,57900,7.031705227077978
"Pompano Beach city, Florida",304000,12,58050,27170.0,12,58050,8.9375
"Port Charlotte CDP, Florida",234400,12,58350,23660.0,12,58350,10.093856655290102
"Port St. Lucie city, Florida",284800,12,58715,64490.0,12,58715,22.643960674157306
"Riverview CDP, Florida",291900,12,60950,28742.0,12,60950,9.846522781774581
"St. Petersburg city, Florida",315200,12,63000,70149.0,12,63000,22.255393401015226
"Spring Hill CDP, Florida",230900,12,68350,37177.0,12,68350,16.10090948462538
"Sunrise city, Florida",311500,12,69700,23247.0,12,69700,7.462921348314606
"Tallahassee city, Florida",246100,12,70600,35632.0,12,70600,14.478667208451848
"Tamarac city, Florida",264200,12,70675,20752.0,12,70675,7.854655563966692
"Tampa city, Florida",336200,12,71000,84660.0,12,71000,25.181439619274244
"The Villages CDP, Florida",339700,12,71625,44404.0,12,71625,13.071533706211364
"Town 'n' Country CDP, Florida",275200,12,72145,20766.0,12,72145,7.54578488372093
"Wesley Chapel CDP, Florida",335000,12,75875,17380.0,12,75875,5.188059701492538
"West Palm Beach city, Florida",311000,12,76600,25421.0,12,76600,8.17395498392283
"Albany city, Georgia",100800,13,01052,11091.0,13,01052,11.002976190476192
"Alpharetta city, Georgia",538400,13,01696,16311.0,13,01696,3.0295319465081723
"Athens-Clarke County unified government (balance), Georgia",237100,13,03440,21354.0,13,03440,9.00632644453817
"Atlanta city, Georgia",375500,13,04000,113092.0,13,04000,30.117709720372837
"Augusta-Richmond County consolidated government (balance), Georgia",131900,13,04204,37458.0,13,04204,28.398786959818047
"Columbus city, Georgia",170900,13,19000,39383.0,13,19000,23.04447045055588
"Johns Creek city, Georgia",506100,13,42425,22634.0,13,42425,4.472238688006323
"Macon-Bibb County, Georgia",155800,13,49008,32179.0,13,49008,20.654043645699616
"Roswell city, Georgia",480800,13,67284,25681.0,13,67284,5.34130615640599
"Sandy Springs city, Georgia",588300,13,68516,26977.0,13,68516,4.585585585585585
"Savannah city, Georgia",196900,13,69000,28083.0,13,69000,14.262569832402235
"South Fulton city, Georgia",252500,13,72122,27767.0,13,72122,10.996831683168317
"Warner Robins city, Georgia",147900,13,80508,16030.0,13,80508,10.838404327248142
"Urban Honolulu CDP, Hawaii",733000,15,71550,68458.0,15,71550,9.339427012278307
"Boise City city, Idaho",460200,16,08830,62684.0,16,08830,13.621034332898741
"Idaho Falls city, Idaho",311100,16,39700,16317.0,16,39700,5.2449373191899715
"Meridian city, Idaho",448100,16,52120,36929.0,16,52120,8.24124079446552
"Nampa city, Idaho",350800,16,56260,26593.0,16,56260,7.58067274800456
"Arlington Heights village, Illinois",376800,17,02154,23138.0,17,02154,6.1406581740976645
"Aurora city, Illinois",232400,17,03012,43361.0,17,03012,18.657917383820998
"Bloomington city, Illinois",185400,17,06613,20370.0,17,06613,10.98705501618123
"Champaign city, Illinois",176700,17,12385,17362.0,17,12385,9.825693265421618
"Chicago city, Illinois",297300,17,14000,530977.0,17,14000,178.59973091153716
"Cicero town, Illinois",220100,17,14351,13719.0,17,14351,6.233075874602453
"Decatur city, Illinois",87000,17,18823,19784.0,17,18823,22.740229885057474
"Elgin city, Illinois",233200,17,23074,28944.0,17,23074,12.411663807890223
"Evanston city, Illinois",440100,17,24582,17816.0,17,24582,4.04817087025676
"Joliet city, Illinois",227500,17,38570,38308.0,17,38570,16.83868131868132
"Naperville city, Illinois",456400,17,51622,40971.0,17,51622,8.976993865030675
"Palatine village, Illinois",319400,17,57225,18032.0,17,57225,5.645585472761427
"Peoria city, Illinois",124500,17,59000,30386.0,17,59000,24.406425702811248
"Rockford city, Illinois",101700,17,65000,31284.0,17,65000,30.761061946902657
"Schaumburg village, Illinois",278100,17,68003,19903.0,17,68003,7.156778137360662
"Springfield city, Illinois",140100,17,72000,33394.0,17,72000,23.835831548893648
"Waukegan city, Illinois",166500,17,79293,15438.0,17,79293,9.272072072072072
"Bloomington city, Indiana",249900,18,05860,12039.0,18,05860,4.817527010804322
"Carmel city, Indiana",391300,18,10342,28830.0,18,10342,7.367748530539228
"Evansville city, Indiana",111800,18,22000,29130.0,18,22000,26.05545617173524
"Fishers city, Indiana",333300,18,23278,27512.0,18,23278,8.254425442544253
"Fort Wayne city, Indiana",155600,18,25000,68004.0,18,25000,43.70437017994859
"Hammond city, Indiana",131700,18,31000,17877.0,18,31000,13.574031890660592
"Indianapolis city (balance), Indiana",188700,18,36003,201149.0,18,36003,106.59724430312664
"Lafayette city, Indiana",152400,18,40788,15768.0,18,40788,10.346456692913385
"Noblesville city, Indiana",266300,18,54180,17451.0,18,54180,6.553135561396921
"South Bend city, Indiana",114100,18,71000,25976.0,18,71000,22.765994741454865
"Ames city, Iowa",237200,19,01855,11138.0,19,01855,4.695615514333895
"Ankeny city, Iowa",283900,19,02305,18862.0,19,02305,6.6438886932018315
"Cedar Rapids city, Iowa",165500,19,12000,42205.0,19,12000,25.501510574018127
"Davenport city, Iowa",146000,19,19000,29408.0,19,19000,20.142465753424656
"Des Moines city, Iowa",165100,19,21000,57606.0,19,21000,34.8915808600848
"Iowa City city, Iowa",255000,19,38595,14802.0,19,38595,5.804705882352941
"Sioux City city, Iowa",153800,19,73335,23780.0,19,73335,15.461638491547463
"Waterloo city, Iowa",133700,19,82425,18803.0,19,82425,14.06357516828721
"West Des Moines city, Iowa",267500,19,83910,18808.0,19,83910,7.0310280373831775
"Kansas City city, Kansas",140200,20,36000,34631.0,20,36000,24.70114122681883
"Lawrence city, Kansas",229400,20,38900,17610.0,20,38900,7.676547515257193
"Olathe city, Kansas",314300,20,52575,40494.0,20,52575,12.883868915049316
"Overland Park city, Kansas",352000,20,53775,50359.0,20,53775,14.30653409090909
"Shawnee city, Kansas",312800,20,64500,19611.0,20,64500,6.2695012787723785
"Topeka city, Kansas",123400,20,71000,32592.0,20,71000,26.41166936790924
"Wichita city, Kansas",165700,20,79000,91527.0,20,79000,55.236572118286055
"Bowling Green city, Kentucky",233500,21,08902,10347.0,21,08902,4.431263383297645
"Lexington-Fayette urban county, Kentucky",242400,21,46027,75129.0,21,46027,30.993811881188122
"Louisville/Jefferson County metro government (balance), Kentucky",203900,21,48006,161709.0,21,48006,79.30799411476214
"Baton Rouge city, Louisiana",199600,22,05000,41267.0,22,05000,20.6748496993988
"Kenner city, Louisiana",214300,22,39475,15833.0,22,39475,7.3882407839477375
"Lafayette city, Louisiana",214800,22,40735,27542.0,22,40735,12.822160148975792
"Lake Charles city, Louisiana",178800,22,41155,17981.0,22,41155,10.056487695749441
"Metairie CDP, Louisiana",283200,22,50115,41034.0,22,50115,14.489406779661017
"New Orleans city, Louisiana",279100,22,55000,83516.0,22,55000,29.92332497312791
"Shreveport city, Louisiana",161500,22,70000,40664.0,22,70000,25.17894736842105
"Baltimore city, Maryland",193100,24,04000,123249.0,24,04000,63.82651475919213
"Columbia CDP, Maryland",448300,24,19125,27629.0,24,19125,6.163060450591122
"Frederick city, Maryland",339200,24,30325,20226.0,24,30325,5.962853773584905
"Gaithersburg city, Maryland",418000,24,31175,12715.0,24,31175,3.041866028708134
"Germantown CDP, Maryland",373500,24,32025,20251.0,24,32025,5.421954484605087
"Glen Burnie CDP, Maryland",316600,24,32650,18169.0,24,32650,5.738787113076437
"Rockville city, Maryland",605600,24,67675,14315.0,24,67675,2.363771466314399
"Silver Spring CDP, Maryland",545500,24,72450,13362.0,24,72450,2.4494958753437213
"Waldorf CDP, Maryland",354000,24,81175,20884.0,24,81175,5.899435028248588
"Boston city, Massachusetts",659700,25,07000,94497.0,25,07000,14.324238290131877
"Brockton city, Massachusetts",367500,25,09000,22265.0,25,09000,6.058503401360544
"Cambridge city, Massachusetts",1006100,25,11000,15825.0,25,11000,1.5729052778053871
"Fall River city, Massachusetts",347600,25,23000,14424.0,25,23000,4.149597238204833
"Haverhill city, Massachusetts",420900,25,29405,15244.0,25,29405,3.6217628890472793
"Lawrence city, Massachusetts",377500,25,34550,8775.0,25,34550,2.3245033112582782
"Lowell city, Massachusetts",380400,25,37000,19774.0,25,37000,5.198212407991588
"Lynn city, Massachusetts",423800,25,37490,19807.0,25,37490,4.673666823973573
"New Bedford city, Massachusetts",305600,25,45000,16974.0,25,45000,5.554319371727749
"Springfield city, Massachusetts",198200,25,67000,28013.0,25,67000,14.133703329969727
"Worcester city, Massachusetts",317800,25,82000,32714.0,25,82000,10.293895531780993
"Ann Arbor city, Michigan",398600,26,03000,23474.0,26,03000,5.889111891620672
"Dearborn city, Michigan",180900,26,21000,24777.0,26,21000,13.696517412935325
"Detroit city, Michigan",69300,26,22000,129084.0,26,22000,186.26839826839827
"Farmington Hills city, Michigan",301600,26,27440,22429.0,26,27440,7.436671087533156
"Flint city, Michigan",49300,26,29000,18337.0,26,29000,37.1947261663286
"Grand Rapids city, Michigan",206200,26,34000,44840.0,26,34000,21.7458777885548
"Kalamazoo city, Michigan",157600,26,42160,13196.0,26,42160,8.373096446700508
"Lansing city, Michigan",109900,26,46000,28084.0,26,46000,25.554140127388536
"Livonia city, Michigan",251500,26,49000,33409.0,26,49000,13.283896620278329
"Novi city, Michigan",358400,26,59440,18798.0,26,59440,5.244977678571429
"Rochester Hills city, Michigan",354000,26,69035,21367.0,26,69035,6.035875706214689
"Southfield city, Michigan",208000,26,74900,19567.0,26,74900,9.407211538461539
"Sterling Heights city, Michigan",237300,26,76460,39904.0,26,76460,16.815844922039613
"Troy city, Michigan",375600,26,80700,25017.0,26,80700,6.6605431309904155
"Warren city, Michigan",170000,26,84000,40699.0,26,84000,23.940588235294115
"Westland city, Michigan",164700,26,86000,23179.0,26,86000,14.073466909532485
"Wyoming city, Michigan",192400,26,88940,17907.0,26,88940,9.307172557172558
"Blaine city, Minnesota",297300,27,06382,21808.0,27,06382,7.3353514968045745
"Bloomington city, Minnesota",319600,27,06616,25588.0,27,06616,8.006257822277847
"Brooklyn Park city, Minnesota",297500,27,07966,22771.0,27,07966,7.654117647058824
"Duluth city, Minnesota",211300,27,17000,21949.0,27,17000,10.387600567912921
"Eagan city, Minnesota",345500,27,17288,20075.0,27,17288,5.810419681620839
"Lakeville city, Minnesota",398700,27,35180,21609.0,27,35180,5.419864559819413
"Maple Grove city, Minnesota",373100,27,40166,23783.0,27,40166,6.374430447601179
"Minneapolis city, Minnesota",319100,27,43000,93981.0,27,43000,29.45189595738013
"Plymouth city, Minnesota",439100,27,51730,23814.0,27,51730,5.4233659758597135
"Rochester city, Minnesota",273800,27,54880,32949.0,27,54880,12.033966398831264
"St. Cloud city, Minnesota",181700,27,56896,14728.0,27,56896,8.10566868464502
"St. Paul city, Minnesota",267700,27,58000,67642.0,27,58000,25.26783713111692
"Woodbury city, Minnesota",407000,27,71428,21783.0,27,71428,5.352088452088452
"Gulfport city, Mississippi",141700,28,29700,14362.0,28,29700,10.135497529992943
"Jackson city, Mississippi",101500,28,36000,28891.0,28,36000,28.46403940886699
"Columbia city, Missouri",245800,29,15670,25189.0,29,15670,10.247762408462165
"Independence city, Missouri",154700,29,35000,33922.0,29,35000,21.92760180995475
"Kansas City city, Missouri",213400,29,38000,118384.0,29,38000,55.47516401124648
"Lee's Summit city, Missouri",303700,29,41348,28529.0,29,41348,9.39380968060586
"O'Fallon city, Missouri",281700,29,54074,27577.0,29,54074,9.789492367767128
"St. Charles city, Missouri",269200,29,64082,20081.0,29,64082,7.459509658246656
"St. Joseph city, Missouri",132600,29,64550,17413.0,29,64550,13.131975867269984
"St. Louis city, Missouri",170800,29,65000,63653.0,29,65000,37.26756440281031
"Springfield city, Missouri",154600,29,70000,35203.0,29,70000,22.77037516170763
"Billings city, Montana",290000,30,06550,33559.0,30,06550,11.572068965517241
"Missoula city, Montana",406800,30,50200,15207.0,30,50200,3.7382005899705013
"Lincoln city, Nebraska",228000,31,28000,70003.0,31,28000,30.703070175438597
"Omaha city, Nebraska",211900,31,37000,117404.0,31,37000,55.40537989617744
"Enterprise CDP, Nevada",401900,32,23770,53020.0,32,23770,13.19233640209007
"Henderson city, Nevada",421300,32,31900,80562.0,32,31900,19.122240683598385
"Las Vegas city, Nevada",362400,32,40000,138677.0,32,40000,38.266280353200884
"North Las Vegas city, Nevada",335200,32,51800,51443.0,32,51800,15.346957040572793
"Paradise CDP, Nevada",334500,32,54600,33900.0,32,54600,10.134529147982063
"Reno city, Nevada",469100,32,60600,54158.0,32,60600,11.545086335536132
"Sparks city, Nevada",423400,32,68400,27168.0,32,68400,6.416627302786964
"Spring Valley CDP, Nevada",382400,32,68585,40227.0,32,68585,10.519612970711297
"Sunrise Manor CDP, Nevada",262500,32,71400,34333.0,32,71400,13.079238095238097
"Manchester city, New Hampshire",321300,33,45140,23884.0,33,45140,7.4335511982570806
"Nashua city, New Hampshire",355000,33,50260,20206.0,33,50260,5.691830985915493
"Camden city, New Jersey",106000,34,10000,8557.0,34,10000,8.072641509433963
"Jersey City city, New Jersey",487400,34,36000,34358.0,34,36000,7.049240869922036
"Newark city, New Jersey",323200,34,51000,24002.0,34,51000,7.4263613861386135
"Toms River CDP, New Jersey",378300,34,73110,27960.0,34,73110,7.39095955590801
"Trenton city, New Jersey",95400,34,74000,13827.0,34,74000,14.4937106918239
"Albuquerque city, New Mexico",251500,35,02000,147964.0,35,02000,58.832604373757455
"Las Cruces city, New Mexico",182000,35,39380,24866.0,35,39380,13.662637362637362
"Rio Rancho city, New Mexico",247200,35,63460,32422.0,35,63460,13.115695792880258
"Santa Fe city, New Mexico",349900,35,70500,27861.0,35,70500,7.962560731637611
"Albany city, New York",206800,36,01000,17296.0,36,01000,8.363636363636363
"Buffalo city, New York",155200,36,11000,54108.0,36,11000,34.863402061855666
"Cheektowaga CDP, New York",162500,36,15000,23806.0,36,15000,14.649846153846156
"New York city, New York",685700,36,51000,1085936.0,36,51000,158.3689660201254
"Rochester city, New York",109700,36,63000,38125.0,36,63000,34.7538742023701
"Schenectady city, New York",156800,36,65508,13589.0,36,65508,8.666454081632653
"Syracuse city, New York",123000,36,73000,27039.0,36,73000,21.982926829268294
"Yonkers city, New York",424100,36,84000,40385.0,36,84000,9.522518273991983
"Asheville city, North Carolina",363800,37,02140,20896.0,37,02140,5.743815283122595
"Cary town, North Carolina",463200,37,10740,44779.0,37,10740,9.66731433506045
"Charlotte city, North Carolina",321400,37,12000,193930.0,37,12000,60.33914125700062
"Concord city, North Carolina",298600,37,14100,24616.0,37,14100,8.243804420629605
"Durham city, North Carolina",325000,37,19000,62550.0,37,19000,19.246153846153845
"Fayetteville city, North Carolina",150200,37,22920,38079.0,37,22920,25.35219707057257
"Gastonia city, North Carolina",231300,37,25580,17830.0,37,25580,7.708603545179421
"Greensboro city, North Carolina",186200,37,28000,69834.0,37,28000,37.504833512352306
"Greenville city, North Carolina",198800,37,28080,12529.0,37,28080,6.3023138832997985
"High Point city, North Carolina",180300,37,31400,24359.0,37,31400,13.510260676650027
"Jacksonville city, North Carolina",175800,37,34200,7704.0,37,34200,4.382252559726963
"Raleigh city, North Carolina",340200,37,55000,103367.0,37,55000,30.384185773074663
"Wilmington city, North Carolina",334900,37,74440,27455.0,37,74440,8.197969543147208
"Winston-Salem city, North Carolina",197300,37,75000,56834.0,37,75000,28.80587937151546
"Bismarck city, North Dakota",254800,38,07200,20389.0,38,07200,8.001962323390895
"Fargo city, North Dakota",238600,38,25700,25536.0,38,25700,10.702430846605198
"Akron city, Ohio",106300,39,01000,42714.0,39,01000,40.18250235183443
"Canton city, Ohio",88300,39,12000,16922.0,39,12000,19.164212910532278
"Cincinnati city, Ohio",190300,39,15000,55411.0,39,15000,29.11770888071466
"Cleveland city, Ohio",83400,39,16000,67039.0,39,16000,80.38249400479617
"Columbus city, Ohio",219200,39,18000,175427.0,39,18000,80.03056569343066
"Dayton city, Ohio",85000,39,21000,27278.0,39,21000,32.091764705882355
"Lorain city, Ohio",113700,39,44856,15723.0,39,44856,13.82849604221636
"Parma city, Ohio",148000,39,61000,24934.0,39,61000,16.8472972972973
"Toledo city, Ohio",100100,39,77000,67831.0,39,77000,67.76323676323676
"Broken Arrow city, Oklahoma",211600,40,09050,32859.0,40,09050,15.52882797731569
"Edmond city, Oklahoma",283800,40,23200,26293.0,40,23200,9.264622973925299
"Lawton city, Oklahoma",129400,40,41850,14221.0,40,41850,10.989953632148378
"Norman city, Oklahoma",228600,40,52500,27203.0,40,52500,11.899825021872266
"Oklahoma City city, Oklahoma",190900,40,55000,164470.0,40,55000,86.15505500261918
"Tulsa city, Oklahoma",172000,40,75000,89307.0,40,75000,51.92267441860465
"Beaverton city, Oregon",490600,41,05350,19674.0,41,05350,4.010191602119853
"Bend city, Oregon",569200,41,05800,30412.0,41,05800,5.342937456078707
"Eugene city, Oregon",394800,41,23850,38201.0,41,23850,9.676038500506586
"Gresham city, Oregon",411100,41,31250,25532.0,41,31250,6.210654342009243
"Hillsboro city, Oregon",432600,41,34100,20442.0,41,34100,4.725381414701803
"Medford city, Oregon",363800,41,47000,22221.0,41,47000,6.108026388125343
"Portland city, Oregon",520200,41,59000,153121.0,41,59000,29.435024990388314
"Salem city, Oregon",351300,41,64900,36174.0,41,64900,10.297181895815543
"Allentown city, Pennsylvania",173400,42,02000,19662.0,42,02000,11.33910034602076
"Bethlehem city, Pennsylvania",214800,42,06088,15875.0,42,06088,7.390595903165735
"Erie city, Pennsylvania",95900,42,24000,21061.0,42,24000,21.9614181438999
"Philadelphia city, Pennsylvania",220700,42,60000,348935.0,42,60000,158.10376076121432
"Pittsburgh city, Pennsylvania",181100,42,61000,66729.0,42,61000,36.84649364991717
"Reading city, Pennsylvania",92500,42,63624,12833.0,42,63624,13.873513513513513
"Scranton city, Pennsylvania",130600,42,69000,16172.0,42,69000,12.382848392036754
"Pawtucket city, Rhode Island",275200,44,54640,14803.0,44,54640,5.378997093023256
"Providence city, Rhode Island",291200,44,59000,27713.0,44,59000,9.516826923076923
"Warwick city, Rhode Island",293500,44,74300,26983.0,44,74300,9.193526405451449
"Charleston city, South Carolina",420800,45,13330,36857.0,45,13330,8.7587927756654
"Columbia city, South Carolina",218500,45,16000,23564.0,45,16000,10.784439359267735
"Greenville city, South Carolina",389700,45,30850,13514.0,45,30850,3.4677957403130613
"Mount Pleasant town, South Carolina",591900,45,48535,28130.0,45,48535,4.752491974995776
"North Charleston city, South Carolina",229800,45,50875,25582.0,45,50875,11.132288946910357
"Rock Hill city, South Carolina",245000,45,61405,16120.0,45,61405,6.579591836734694
"Rapid City city, South Dakota",247700,46,52980,21223.0,46,52980,8.568025837706903
"Sioux Falls city, South Dakota",249600,46,59020,51017.0,46,59020,20.439503205128204
"Chattanooga city, Tennessee",235900,47,14000,41455.0,47,14000,17.573124205171684
"Clarksville city, Tennessee",211100,47,15160,34601.0,47,15160,16.39081004263382
"Franklin city, Tennessee",592200,47,27740,22105.0,47,27740,3.7326916582235734
"Jackson city, Tennessee",170400,47,37640,13878.0,47,37640,8.1443661971831
"Johnson City city, Tennessee",216000,47,38320,15041.0,47,38320,6.963425925925925
"Knoxville city, Tennessee",193600,47,40000,40535.0,47,40000,20.9375
"Memphis city, Tennessee",142800,47,48000,119622.0,47,48000,83.76890756302521
"Murfreesboro city, Tennessee",323600,47,51560,35354.0,47,51560,10.92521631644005
"Nashville-Davidson metropolitan government (balance), Tennessee",346700,47,52006,162426.0,47,52006,46.8491491202769
"Abilene city, Texas",157900,48,01000,27148.0,48,01000,17.1931602279924
"Amarillo city, Texas",163400,48,03000,48900.0,48,03000,29.9265605875153
"Arlington city, Texas",254700,48,04000,78883.0,48,04000,30.970946211228895
"Atascocita CDP, Texas",263000,48,04462,24796.0,48,04462,9.428136882129277
"Austin city, Texas",482900,48,05000,196458.0,48,05000,40.68295713398219
"Baytown city, Texas",173200,48,06128,14353.0,48,06128,8.286951501154734
"Beaumont city, Texas",150100,48,07000,24674.0,48,07000,16.438374417055297
"Brownsville city, Texas",104100,48,10768,34440.0,48,10768,33.0835734870317
"Bryan city, Texas",167500,48,10912,14206.0,48,10912,8.481194029850746
"Carrollton city, Texas",302800,48,13024,28355.0,48,13024,9.364266842800529
"College Station city, Texas",291300,48,15976,16867.0,48,15976,5.790250600755235
"Conroe city, Texas",267100,48,16432,21695.0,48,16432,8.122426057656309
"Corpus Christi city, Texas",171500,48,17000,67874.0,48,17000,39.57667638483965
"Dallas city, Texas",267600,48,19000,229518.0,48,19000,85.76905829596413
"Denton city, Texas",288300,48,19972,27294.0,48,19972,9.467221644120707
"Edinburg city, Texas",153500,48,22660,18418.0,48,22660,11.998697068403908
"El Paso city, Texas",152800,48,24000,147788.0,48,24000,96.71989528795811
"Fort Worth city, Texas",249000,48,27000,185197.0,48,27000,74.37630522088354
"Frisco city, Texas",520200,48,27684,46921.0,48,27684,9.019800076893503
"Garland city, Texas",232300,48,29000,46943.0,48,29000,20.20792079207921
"Georgetown city, Texas",351600,48,29336,21162.0,48,29336,6.01877133105802
"Grand Prairie city, Texas",242200,48,30464,36706.0,48,30464,15.155243600330307
"Harlingen city, Texas",106600,48,32372,16053.0,48,32372,15.059099437148218
"Houston city, Texas",236700,48,35000,390226.0,48,35000,164.8610054921842
"Irving city, Texas",274100,48,37000,34544.0,48,37000,12.602699744618754
"Killeen city, Texas",179900,48,39148,27360.0,48,39148,15.208449138410227
"Laredo city, Texas",157400,48,41464,48145.0,48,41464,30.58767471410419
"League City city, Texas",300000,48,41980,33163.0,48,41980,11.054333333333332
"Lewisville city, Texas",308800,48,42508,21108.0,48,42508,6.835492227979274
"Longview city, Texas",164200,48,43888,16342.0,48,43888,9.95249695493301
"Lubbock city, Texas",171400,48,45000,53722.0,48,45000,31.343057176196034
"McAllen city, Texas",164300,48,45384,28632.0,48,45384,17.42665855143031
"McKinney city, Texas",391200,48,45744,47064.0,48,45744,12.030674846625766
"Mansfield city, Texas",345700,48,46452,17817.0,48,46452,5.153890656638705
"Mesquite city, Texas",208900,48,47892,33675.0,48,47892,16.120153183341312
"Midland city, Texas",276100,48,48072,35209.0,48,48072,12.752263672582398
"Mission city, Texas",135000,48,48768,18452.0,48,48768,13.668148148148148
"Missouri City city, Texas",273300,48,48804,22759.0,48,48804,8.327478960848884
"New Braunfels city, Texas",285600,48,50820,23189.0,48,50820,8.119397759103641
"North Richland Hills city, Texas",314000,48,52356,16495.0,48,52356,5.253184713375796
"Odessa city, Texas",196500,48,53388,29380.0,48,53388,14.951653944020357
"Pasadena city, Texas",192300,48,56000,28954.0,48,56000,15.056682267290691
"Pearland city, Texas",307800,48,56348,31827.0,48,56348,10.340155945419104
"Pharr city, Texas",91200,48,57200,14397.0,48,57200,15.786184210526317
"Plano city, Texas",387200,48,58016,60883.0,48,58016,15.7239152892562
"Richardson city, Texas",358000,48,61796,25448.0,48,61796,7.108379888268157
"Round Rock city, Texas",355600,48,63500,26607.0,48,63500,7.482283464566929
"San Angelo city, Texas",158800,48,64472,25065.0,48,64472,15.784005037783375
"San Antonio city, Texas",197600,48,65000,290123.0,48,65000,146.82338056680163
"Spring CDP, Texas",188500,48,69596,17372.0,48,69596,9.215915119363395
"Temple city, Texas",202700,48,72176,18005.0,48,72176,8.882585101134682
"The Woodlands CDP, Texas",429500,48,72656,33234.0,48,72656,7.737834691501747
"Tyler city, Texas",195900,48,74144,19913.0,48,74144,10.164880040837161
"Victoria city, Texas",179400,48,75428,13992.0,48,75428,7.799331103678931
"Waco city, Texas",177300,48,76000,26055.0,48,76000,14.69543147208122
"Wichita Falls city, Texas",118900,48,79000,21943.0,48,79000,18.455004205214465
"Layton city, Utah",409200,49,43660,18996.0,49,43660,4.642228739002933
"Lehi city, Utah",536600,49,44320,17065.0,49,44320,3.1802087215803208
"Ogden city, Utah",296500,49,55980,20013.0,49,55980,6.749747048903878
"Orem city, Utah",404200,49,57300,19808.0,49,57300,4.900544285007422
"Provo city, Utah",418800,49,62470,12193.0,49,62470,2.9114135625596944
"St. George city, Utah",447900,49,65330,22579.0,49,65330,5.041080598347845
"Salt Lake City city, Utah",459800,49,67000,42681.0,49,67000,9.282514136581122
"Sandy city, Utah",516400,49,67440,25988.0,49,67440,5.032532920216886
"South Jordan city, Utah",603500,49,70850,20911.0,49,70850,3.4649544324772164
"West Jordan city, Utah",410600,49,82950,27491.0,49,82950,6.695323916220166
"West Valley City city, Utah",343300,49,83470,29620.0,49,83470,8.628022138071657
"Alexandria city, Virginia",630500,51,01000,31137.0,51,01000,4.938461538461539
"Arlington CDP, Virginia",779400,51,03000,47577.0,51,03000,6.104311008468052
"Centreville CDP, Virginia",526800,51,14440,18513.0,51,14440,3.514236902050114
"Chesapeake city, Virginia",320600,51,16000,69186.0,51,16000,21.58016219588272
"Dale City CDP, Virginia",371800,51,21088,18463.0,51,21088,4.9658418504572355
"Hampton city, Virginia",211900,51,35000,31662.0,51,35000,14.941953751769702
"Lynchburg city, Virginia",175600,51,47672,14756.0,51,47672,8.403189066059227
"Newport News city, Virginia",227200,51,56000,36527.0,51,56000,16.077024647887324
"Norfolk city, Virginia",250300,51,57000,44867.0,51,57000,17.9252896524171
"Portsmouth city, Virginia",221500,51,64000,22918.0,51,64000,10.346726862302482
"Richmond city, Virginia",311700,51,67000,44985.0,51,67000,14.432146294513956
"Roanoke city, Virginia",160000,51,68000,21998.0,51,68000,13.748750000000001
"Suffolk city, Virginia",302200,51,76432,26651.0,51,76432,8.818994043679682
"Virginia Beach city, Virginia",328500,51,82000,119144.0,51,82000,36.26910197869102
"Auburn city, Washington",474600,53,03180,18795.0,53,03180,3.9601769911504423
"Bellevue city, Washington",1107200,53,05210,32296.0,53,05210,2.916907514450867
"Bellingham city, Washington",586700,53,05280,16600.0,53,05280,2.829384694051474
"Everett city, Washington",496900,53,22640,21308.0,53,22640,4.288186757898973
"Federal Way city, Washington",461000,53,23515,19653.0,53,23515,4.263123644251627
"Kennewick city, Washington",330200,53,35275,17204.0,53,35275,5.210175651120533
"Kent city, Washington",523000,53,35415,26144.0,53,35415,4.99885277246654
"Kirkland city, Washington",939900,53,35940,22848.0,53,35940,2.4308969039259494
"Marysville city, Washington",461100,53,43955,18870.0,53,43955,4.092387768379961
"Pasco city, Washington",322200,53,53545,18630.0,53,53545,5.782122905027933
"Renton city, Washington",587300,53,57745,21560.0,53,57745,3.67103694874851
"Seattle city, Washington",848100,53,63000,161587.0,53,63000,19.052823959438744
"South Hill CDP, Washington",462200,53,65922,17748.0,53,65922,3.8398961488533105
"Spokane city, Washington",318200,53,67000,54499.0,53,67000,17.12727844123193
"Spokane Valley city, Washington",323800,53,67167,25467.0,53,67167,7.865040148239653
"Tacoma city, Washington",435700,53,70000,51156.0,53,70000,11.741106265779205
"Vancouver city, Washington",399100,53,74060,41484.0,53,74060,10.394387371586069
"Yakima city, Washington",260500,53,80010,20569.0,53,80010,7.8959692898272555
"Appleton city, Wisconsin",193800,55,02375,19467.0,55,02375,10.044891640866874
"Eau Claire city, Wisconsin",220300,55,22300,15959.0,55,22300,7.244212437585111
"Green Bay city, Wisconsin",174400,55,31000,27157.0,55,31000,15.571674311926605
"Janesville city, Wisconsin",183600,55,37825,18923.0,55,37825,10.306644880174291
"Kenosha city, Wisconsin",206700,55,39225,22624.0,55,39225,10.945331398161587
"Madison city, Wisconsin",321800,55,48000,60243.0,55,48000,18.720633934120574
"Milwaukee city, Wisconsin",160100,55,53000,96044.0,55,53000,59.99000624609619
"Oshkosh city, Wisconsin",152100,55,60500,15139.0,55,60500,9.953320184089415
"Racine city, Wisconsin",144100,55,66000,16315.0,55,66000,11.321998612074948
"Waukesha city, Wisconsin",252500,55,84250,18489.0,55,84250,7.322376237623763
"Cheyenne city, Wyoming",276100,56,13900,17908.0,56,13900,6.48605577689243
"Bayamón zona urbana, Puerto Rico",123600,72,06593,42641.0,72,06593,34.499190938511326
"Carolina zona urbana, Puerto Rico",138400,72,14290,35384.0,72,14290,25.56647398843931
"Guaynabo zona urbana, Puerto Rico",213900,72,32522,20281.0,72,32522,9.48153342683497
"San Juan zona urbana, Puerto Rico",149100,72,76770,66489.0,72,76770,44.59356136820926
